<?xml version="1.0" encoding="UTF-8" standalone="yes"?>
<?xml-stylesheet type="text/xsl" href="modx.prosilver.en.xsl"?>
<!--NOTICE: Please open this file in your web browser. If presented with a security warning, you may safely tell it to allow the blocked content.-->
<!--For security purposes, please check: http://www.phpbb.com/mods/ for the latest version of this MOD.\nAlthough MODs are checked before being allowed in the MODs Database there is no guarantee that there are no security problems within the MOD.\nNo support will be given for MODs not found within the MODs Database which can be found at http://www.phpbb.com/mods/-->
<mod xmlns:xsi="http://www.w3.org/2001/XMLSchema-instance" xmlns="http://www.phpbb.com/mods/xml/modx-1.2.5.xsd">
	<header>
		<meta name="generator" content="MODX file generated with PP MODX Creator by tumba25 (online version)"/>
		<meta name="generator" content="MODX file generated by MODX Generator by tumba25"/>
		<license><![CDATA[http://opensource.org/licenses/gpl-license.php GNU General Public License v2]]></license>
		<title lang="en"><![CDATA[View Attachments]]></title>
		<description lang="en"><![CDATA[This Mod allows you to perform a search on all the posts that have an attachment associated with them, and quickly view the posts]]></description>
		<author-group>
			<author>
				<realname><![CDATA[DigiOz Multimedia]]></realname>
				<username><![CDATA[digioz]]></username>
				<homepage><![CDATA[http://www.digioz.com]]></homepage>
				<email><![CDATA[digi_oz@yahoo.com]]></email>
			</author>
		</author-group>
		<mod-version>0.1.0</mod-version>
		<installation>
			<level>easy</level>
			<time>120</time>
			<target-version>3.0.9</target-version>
		</installation>
	</header>
	<action-group>
		<open src="search.php">
			<edit>
				<find><![CDATA[					$field = 'topic_id';
				}
			break;]]></find>
				<action type="after-add"><![CDATA[			
			case 'attachposts':
				$l_search_title = $user->lang['ATTACH_SEARCH'];
				$show_results = request_var('sr', 'topics');
				$show_results = ($show_results == 'posts') ? 'posts' : 'topics';
				$sort_by_sql['t'] = ($show_results == 'posts') ? 'p.post_time' : 't.topic_last_post_time';
				$sort_by_sql['s'] = ($show_results == 'posts') ? 'p.post_subject' : 't.topic_title';
				$sql_sort = 'ORDER BY ' . $sort_by_sql[$sort_key] . (($sort_dir == 'a') ? ' ASC' : ' DESC');

				$sort_join = ($sort_key == 'f') ? FORUMS_TABLE . ' f, ' : '';
				$sql_sort = ($sort_key == 'f') ? ' AND f.forum_id = p.forum_id ' . $sql_sort : $sql_sort;

				if ($sort_days)
				{
					$last_post_time = 'AND p.post_time > ' . (time() - ($sort_days * 24 * 3600));
				}
				else
				{
					$last_post_time = '';
				}

				if ($sort_key == 'a')
				{
					$sort_join = USERS_TABLE . ' u, ';
					$sql_sort = ' AND u.user_id = p.poster_id ' . $sql_sort;
				}
					
				$sql = "SELECT p.post_id
						FROM $sort_join" . POSTS_TABLE . ' p, ' . TOPICS_TABLE . " t
						WHERE p.post_attachment = 1
							AND p.topic_id = t.topic_id
							$last_post_time
							$m_approve_fid_sql
							" . ((sizeof($ex_fid_ary)) ? ' AND ' . $db->sql_in_set('p.forum_id', $ex_fid_ary, true) : '') . "
							$sql_sort";
					$field = 'post_id';
					
				break;]]></action>
			</edit>
		</open>
		<open src="language/en/common.php">
			<edit>
				<find><![CDATA[	'SEARCH_USER_POSTS'			=> 'Search user’s posts',]]></find>
				<action type="after-add"><![CDATA[	'SEARCH_ATTACHMENTS'		=> 'View attachments',]]></action>
			</edit>
		</open>
		<open src="language/en/search.php">
			<edit>
				<find><![CDATA[	'SORT_TIME'					=> 'Post time',]]></find>
				<action type="after-add"><![CDATA[	'ATTACH_SEARCH'				=> 'View Attachments',]]></action>
			</edit>
		</open>
		<open src="styles/prosilver/template/index_body.html">
			<edit>
				<find><![CDATA[		<li><a href="{U_SEARCH_UNANSWERED}">{L_SEARCH_UNANSWERED}</a><!-- IF S_LOAD_UNREADS --> &bull; <a href="{U_SEARCH_UNREAD}">{L_SEARCH_UNREAD}</a><!-- ENDIF --><!-- IF S_USER_LOGGED_IN --> &bull; <a href="{U_SEARCH_NEW}">{L_SEARCH_NEW}</a><!-- ENDIF --> &bull; <a href="{U_SEARCH_ACTIVE_TOPICS}">{L_SEARCH_ACTIVE_TOPICS}</a></li>]]></find>
				<inline-edit>
					<inline-find><![CDATA[		<li><a href="{U_SEARCH_UNANSWERED}">{L_SEARCH_UNANSWERED}</a><!-- IF S_LOAD_UNREADS --> &bull; <a href="{U_SEARCH_UNREAD}">{L_SEARCH_UNREAD}</a><!-- ENDIF --><!-- IF S_USER_LOGGED_IN --> &bull; <a href="{U_SEARCH_NEW}">{L_SEARCH_NEW}</a><!-- ENDIF --> &bull; <a href="{U_SEARCH_ACTIVE_TOPICS}">{L_SEARCH_ACTIVE_TOPICS}</a>]]></inline-find>
					<inline-action type="after-add"><![CDATA[ &bull; <a href="search.php?search_id=attachposts&sr=posts">{L_SEARCH_ATTACHMENTS}</a>]]></inline-action>
				</inline-edit>
			</edit>
		</open>
	</action-group>
</mod>
