<?xml version="1.0" encoding="UTF-8" standalone="yes"?>
<?xml-stylesheet type="text/xsl" href="modx.prosilver.en.xsl"?>
<!--NOTICE: Please open this file in your web browser. If presented with a security warning, you may safely tell it to allow the blocked content.-->
<!--For security purposes, please check: http://www.phpbb.com/mods/ for the latest version of this MOD.\nAlthough MODs are checked before being allowed in the MODs Database there is no guarantee that there are no security problems within the MOD.\nNo support will be given for MODs not found within the MODs Database which can be found at http://www.phpbb.com/mods/-->
<mod xmlns:xsi="http://www.w3.org/2001/XMLSchema-instance" xmlns="http://www.phpbb.com/mods/xml/modx-1.2.5.xsd">
	<header>
		<meta name="generator" content="MODX file generated with PP MODX Creator by tumba25 (online version)"/>
		<meta name="generator" content="MODX file generated by MODX Generator by tumba25"/>
		<license><![CDATA[http://opensource.org/licenses/gpl-license.php GNU General Public License v2]]></license>
		<title lang="en"><![CDATA[Attach Mod]]></title>
		<description lang="en"><![CDATA[The purpose of this mod is to store attachments at YYYY/MM/DD inside the files folder where attachments are normally stored.]]></description>
		<author-notes lang="en"><![CDATA[This mod is unfinished. The attachment part works, but the actual display inside the post does not yet work.]]></author-notes>
		<author-group>
			<author>
				<realname><![CDATA[DigiOz Multimedia]]></realname>
				<username><![CDATA[digioz]]></username>
				<homepage><![CDATA[http://www.digioz.com]]></homepage>
				<email><![CDATA[webmaster@digioz.com]]></email>
			</author>
		</author-group>
		<mod-version>0.0.1</mod-version>
		<installation>
			<level>advanced</level>
			<time>300</time>
			<target-version>3.0.4</target-version>
		</installation>
		<history>
			<entry>
				<date>2011-11-12</date>
				<rev-version>0.0.1</rev-version>
				<changelog lang="en">
					<change><![CDATA[Initial Mod Creation]]></change>
				</changelog>
			</entry>
		</history>
	</header>
	<action-group>
		<open src="download/file.php">
			<edit>
				<find><![CDATA[	$db->sql_query($sql);
}]]></find>
				<action type="after-add"><![CDATA[// Attachment storage MOD
$date = getdate((int)$attachment['filetime']);
$filepath = $config['upload_path'] . '/' . (string)$date['year'] . '/' . $date['month'] . '/' . (string)$date['mday'];]]></action>
			</edit>
			<edit>
				<find><![CDATA[		redirect($phpbb_root_path . $config['upload_path'] . '/' . $attachment['physical_filename']);]]></find>
				<inline-edit>
					<inline-find><![CDATA[		redirect($phpbb_root_path . ]]></inline-find>
					<inline-find><![CDATA[$config['upload_path']]]></inline-find>
					<inline-action type="replace-with"><![CDATA[$filepath ]]></inline-action>
				</inline-edit>
			</edit>
			<edit>
				<find><![CDATA[		send_file_to_browser($attachment, $config['upload_path'], $display_cat);]]></find>
				<inline-edit>
					<inline-find><![CDATA[		send_file_to_browser($attachment, ]]></inline-find>
					<inline-find><![CDATA[$config['upload_path']]]></inline-find>
					<inline-action type="replace-with"><![CDATA[$filepath]]></inline-action>
				</inline-edit>
			</edit>
		</open>
		<open src="includes/functions_content.php">
			<edit>
				<find><![CDATA[	$text = str_replace(array("\n", "\r"), array('<br />', "\n"), $text);]]></find>
				<inline-edit>
					<inline-find><![CDATA[	$text = str_replace(array("\n", "\r"), array('<br />', "\n"), ]]></inline-find>
					<inline-action type="after-add"><![CDATA[censor_text(]]></inline-action>
				</inline-edit>
				<inline-edit>
					<inline-find><![CDATA[$text)]]></inline-find>
					<inline-action type="after-add"><![CDATA[)]]></inline-action>
				</inline-edit>
			</edit>
			<edit>
				<find><![CDATA[		$attachment['extension'] = strtolower(trim($attachment['extension']));]]></find>
				<action type="after-add"><![CDATA[       // Attachment storage MOD
       $date = getdate((int)$attachment['filetime']);]]></action>
			</edit>
			<edit>
				<find><![CDATA[		$filename = $phpbb_root_path . $config['upload_path'] . '/' . basename($attachment['physical_filename']);]]></find>
				<inline-edit>
					<inline-find><![CDATA[		$filename]]></inline-find>
					<inline-action type="replace-with"><![CDATA[       $filepath]]></inline-action>
				</inline-edit>
				<inline-edit>
					<inline-find><![CDATA[ = $phpbb_root_path . $config['upload_path'] . '/' . ]]></inline-find>
					<inline-find><![CDATA[basename]]></inline-find>
					<inline-action type="replace-with"/>
				</inline-edit>
				<inline-edit>
					<inline-find><![CDATA[(]]></inline-find>
					<inline-find><![CDATA[$attachment]]></inline-find>
					<inline-action type="replace-with"><![CDATA[string)$date]]></inline-action>
				</inline-edit>
				<inline-edit>
					<inline-find><![CDATA[[']]></inline-find>
					<inline-find><![CDATA[physical_filename]]></inline-find>
					<inline-action type="replace-with"><![CDATA[year]]></inline-action>
				</inline-edit>
				<inline-edit>
					<inline-find><![CDATA[']]]></inline-find>
					<inline-find><![CDATA[);]]></inline-find>
					<inline-action type="replace-with"><![CDATA[ . '/' . $date['month'] .]]></inline-action>
				</inline-edit>
				<action type="after-add"><![CDATA[                '/' . (string)$date['mday'];

       $filename = $filepath . '/' . basename($attachment['physical_filename']);
]]></action>
			</edit>
			<edit>
				<find><![CDATA[		$thumbnail_filename = $phpbb_root_path . $config['upload_path'] . '/thumb_' . basename($attachment['physical_filename']);]]></find>
				<inline-edit>
					<inline-action type="replace-with"/>
				</inline-edit>
				<inline-edit>
					<inline-find><![CDATA[$thumbnail_filename = ]]></inline-find>
					<inline-find><![CDATA[$phpbb_root_path . $config['upload_path']]]></inline-find>
					<inline-action type="replace-with"><![CDATA[$filepath]]></inline-action>
				</inline-edit>
				<action type="after-add"><![CDATA[       
       // End Attach storage Mod]]></action>
			</edit>
		</open>
		<open src="includes/functions_posting.php">
			<edit>
				<find><![CDATA[	$no_image = ($cat_id == ATTACHMENT_CATEGORY_IMAGE) ? false : true;]]></find>
				<action type="after-add"><![CDATA[	// Attachment storage MOD
       $date = getdate();   ]]></action>
			</edit>
			<edit>
				<find><![CDATA[	$file->move_file($config['upload_path'], false, $no_image);]]></find>
				<inline-edit>
					<inline-find><![CDATA[	$file->move_file(]]></inline-find>
					<inline-action type="replace-with"><![CDATA[       $filepath = $phpbb_root_path . ]]></inline-action>
				</inline-edit>
				<inline-edit>
					<inline-find><![CDATA[$config['upload_path']]]></inline-find>
					<inline-find><![CDATA[,]]></inline-find>
					<inline-action type="replace-with"/>
				</inline-edit>
				<inline-edit>
					<inline-find><![CDATA[false,]]></inline-find>
					<inline-action type="replace-with"><![CDATA[.]]></inline-action>
				</inline-edit>
				<inline-edit>
					<inline-find><![CDATA[$no_image]]></inline-find>
					<inline-action type="replace-with"><![CDATA['/' . (string]]></inline-action>
				</inline-edit>
				<inline-edit>
					<inline-find><![CDATA[)]]></inline-find>
					<inline-find><![CDATA[;]]></inline-find>
					<inline-action type="replace-with"><![CDATA[$date['year'] .]]></inline-action>
				</inline-edit>
				<action type="after-add"><![CDATA[             '/' . $date['month'] . '/' . (string)$date['mday'] . '/';

            // Attachment storage MOD - Check directory exists and create if not.
            if(!is_dir($filepath)) {
                    $ok = @mkdir($filepath, 0777, true);
            }

       $file->move_file($filepath);
    // End Attach storage MOD]]></action>
			</edit>
			<edit>
				<find><![CDATA[	$filedata['real_filename'] = $file->get('uploadname');]]></find>
				<action type="after-add"><![CDATA[	// Attach storage MOD]]></action>
			</edit>
			<edit>
				<find><![CDATA[	$filedata['filetime'] = time();]]></find>
				<inline-edit>
					<inline-action type="replace-with"/>
				</inline-edit>
				<inline-edit>
					<inline-find><![CDATA[$filedata['filetime'] = ]]></inline-find>
					<inline-find><![CDATA[time()]]></inline-find>
					<inline-action type="replace-with"><![CDATA[$date[0]]]></inline-action>
				</inline-edit>
			</edit>
			<edit>
				<find><![CDATA[	if ($free_space = @disk_free_space($phpbb_root_path . $config['upload_path']))]]></find>
				<inline-edit>
					<inline-find><![CDATA[	if ($free_space = @disk_free_space($phpbb_root_path . ]]></inline-find>
					<inline-find><![CDATA[$config['upload_path']]]></inline-find>
					<inline-action type="replace-with"><![CDATA[$filepath]]></inline-action>
				</inline-edit>
			</edit>
			<edit>
				<find><![CDATA[				// insert attachment into db]]></find>
				<action type="after-add"><![CDATA[                // Attachment storage MOD
                $date = getdate($attach_row['filetime']);
                $filepath = $phpbb_root_path . $config['upload_path'] . "/" . (string)$date['year'] . '/' . $date['month'] . '/' . (string)$date['mday'];


                // Below line modified for Attachment storage MOD]]></action>
			</edit>
			<edit>
				<find><![CDATA[				if (!@file_exists($phpbb_root_path . $config['upload_path'] . '/' . basename($orphan_rows[$attach_row['attach_id']]['physical_filename'])))]]></find>
				<inline-edit>
					<inline-action type="replace-with"/>
				</inline-edit>
				<inline-edit>
					<inline-find><![CDATA[if (!@file_exists(]]></inline-find>
					<inline-find><![CDATA[$phpbb_root_path . $config['upload_path']]]></inline-find>
					<inline-action type="replace-with"><![CDATA[$filepath]]></inline-action>
				</inline-edit>
				<inline-edit>
					<inline-find><![CDATA[ . '/' . basename($orphan_rows[$attach_row['attach_id']]['physical_filename'])))]]></inline-find>
					<inline-action type="after-add"><![CDATA[  // End Attach storage Mod]]></inline-action>
				</inline-edit>
			</edit>
		</open>
	</action-group>
</mod>
