<?xml version="1.0" encoding="UTF-8" standalone="yes"?>
<?xml-stylesheet type="text/xsl" href="modx.prosilver.en.xsl"?>
<!--NOTICE: Please open this file in your web browser. If presented with a security warning, you may safely tell it to allow the blocked content.-->
<!--For security purposes, please check: http://www.phpbb.com/mods/ for the latest version of this MOD.\nAlthough MODs are checked before being allowed in the MODs Database there is no guarantee that there are no security problems within the MOD.\nNo support will be given for MODs not found within the MODs Database which can be found at http://www.phpbb.com/mods/-->
<mod xmlns:xsi="http://www.w3.org/2001/XMLSchema-instance" xmlns="http://www.phpbb.com/mods/xml/modx-1.2.5.xsd">
	<header>
		<meta name="generator" content="MODX file generated with PP MODX Creator by tumba25 (online version)"/>
		<meta name="generator" content="MODX file generated by MODX Generator by tumba25"/>
		<license><![CDATA[http://opensource.org/licenses/gpl-license.php GNU General Public License v2]]></license>
		<title lang="en"><![CDATA[Opening External Link in New Window]]></title>
		<description lang="en"><![CDATA[This Mod allows all external URL to be opened in a new browser window without the webmaster having to modify the database records or UBB Tags to do so. This is an alternate way to open all external links using jQuery library.]]></description>
		<author-group>
			<author>
				<realname><![CDATA[DigiOz Multimedia]]></realname>
				<username><![CDATA[digioz]]></username>
				<homepage><![CDATA[http://www.digioz.com]]></homepage>
				<email><![CDATA[webmaster@digioz.com]]></email>
			</author>
		</author-group>
		<mod-version>1.0.0</mod-version>
		<installation>
			<level>easy</level>
			<time>120</time>
			<target-version>3.0.9</target-version>
		</installation>
	</header>
	<action-group>
		<open src="styles/prosilver/template/overall_header.html">
			<edit>
				<find><![CDATA[	<link href="{T_THEME_PATH}/bidi.css" rel="stylesheet" type="text/css" media="screen, projection" />
<!-- ENDIF -->]]></find>
				<action type="after-add"><![CDATA[<script type="text/javascript" src="http://ajax.googleapis.com/ajax/libs/jquery/1.4.4/jquery.min.js"></script>         
<script type="text/javascript">                                         
   $(document).ready(function() {
	  $('a[href^="http://"]').filter(function() {return this.hostname && this.hostname !== location.hostname;}).attr('target', '_blank');
   });                     
</script>]]></action>
			</edit>
		</open>
	</action-group>
</mod>
